book_name,price,year,pub,authors,rating,rate_people,desc,img
太白金星有点烦, 45.00, 2023-6 ,湖南文艺出版社,马伯庸 ,9.0,80431,太白金星李长庚最近有点烦。 天庭和西天联合推出了“西天取经”的重大项目，他受命策划九九八十一难，确保唐僧能安全走完流程，平稳取经成佛。老神仙本以为一切尽在掌...,https://img9.doubanio.com/view/subject/s/public/s34544956.jpg
长安的荔枝, 45.00元, 2022-10 ,湖南文艺出版社,马伯庸 ,8.5,178147,大唐天宝十四年，长安城的小吏李善德突然接到一个任务：要在贵妃诞日之前，从岭南运来新鲜荔枝。荔枝“一日色变，两日香变，三日味变”，而岭南距长安五千余里，山水迢...,https://img3.doubanio.com/view/subject/s/public/s34327482.jpg
额尔古纳河右岸, 32.00元, 2019-6-1 ,人民文学出版社,迟子建 ,9.1,42931,《额尔古纳河右岸》是一部描写鄂温克人生存现状及百年沧桑的长篇小说，展示了弱小民族在严酷的自然环境和现代文明的挤压下的顽强生命力和不屈不挠的民族精神，以及丰富...,https://img1.doubanio.com/view/subject/s/public/s34734949.jpg
繁花, 48.00元, 2013-3 ,上海文艺出版社,金宇澄 ,8.6,41511,这是一部地域小说，人物的行走，可找到“有形”地图的对应。这也是一部记忆小说，六十年代的少年旧梦，辐射广泛，处处人间烟火的斑斓记忆，九十年代的声色犬马，是一场...,https://img3.doubanio.com/view/subject/s/public/s26037307.jpg
明亮的夜晚, 52, 2023-8 ,台海出版社,[韩]崔恩荣  叶蕾 ,9.0,19427,我有一个愿望，想写一写妈妈或祖母，很久以前生活在这片土地上的女性的故事。 一部女性版的《活着》，四代女性的友谊、抗争、泪水与欢笑 韩国最大网络书店22万读者...,https://img3.doubanio.com/view/subject/s/public/s34577743.jpg
活着, 20.00元, 2012-8 ,作家出版社,余华 ,9.4,829919,《活着(新版)》讲述了农村人福贵悲惨的人生遭遇。福贵本是个阔少爷，可他嗜赌如命，终于赌光了家业，一贫如洗。他的父亲被他活活气死，母亲则在穷困中患了重病，福贵...,https://img9.doubanio.com/view/subject/s/public/s29869926.jpg
我们八月见, 39.00元, 2024-3-6 ,南海出版公司,[哥伦比亚]加西亚·马尔克斯  侯健 ,7.9,4397,★加西亚·马尔克斯逝世十周年，遗作小说全球同步首发 ★献给命运，献给欲望，献给未被岁月摧磨的欢愉 ★作家晚年改稿五版，与记忆力和死亡角逐、顶风破浪的最后之作...,https://img1.doubanio.com/view/subject/s/public/s34797230.jpg
十八岁出门远行, 45元, 2024-3-7 ,江苏凤凰文艺出版社,余华 ,7.9,3045,一定要出去闯闯，哪怕鼻青脸肿！ ◆余华成名作！ ◆一战成名！一发表就震惊文坛，让27岁的余华开始载入中国当代文学史。 ◆《十八岁出门远行》预告着余华“现象”...,https://img1.doubanio.com/view/subject/s/public/s34804300.jpg
名侦探的献祭 : 人民教会杀人事件, 59.00元, 2023-9 ,九州出版社,[日] 白井智之  吕灵芝 ,7.1,8563,—————————编辑推荐———————————————— 1.改编自震惊世界的“人民圣殿教”惨案，900多人集体自杀背后的真相细思极恐！ 以1978年人民...,https://img9.doubanio.com/view/subject/s/public/s34681654.jpg
秋园, 38.00元, 2020-6 ,北京联合出版公司,杨本芬 ,9.0,105745,听八旬奶奶讲述她和妈妈的故事。 1914年，世上有了“秋园”这个人。1918年，汉语有了“她”这个字。秋园，她来过，挣扎过，绝望过，幸福过。今天，她80岁的...,https://img1.doubanio.com/view/subject/s/public/s33640730.jpg
豆子芝麻茶 : 和妈妈的最后絮叨, 39.8, 2023-10 ,广东人民出版社,杨本芬 ,8.6,13569,《豆子芝麻茶》是杨本芬“看见女性”系列的第四本书，是一本珍贵的平民史歌。 本书分为两部分：“过去的婚姻”和“伤心的极限”。 在讲述过母亲（《秋园》）、乡亲（...,https://img3.doubanio.com/view/subject/s/public/s34669097.jpg
巴别塔, 98.00元, 2023-10 ,中信出版集团,[美] 匡灵秀  陈阳 ,8.1,3441,❤️‍🔥我渴望被世界理解，哪怕徒劳无功 🧙‍♀️27岁华裔女作家匡灵秀斩获科幻界诺奖星云奖，轨迹奖，英国国家图书奖 🪄语言即魔法，翻译即背叛 🎆设定新颖的银...,https://img1.doubanio.com/view/subject/s/public/s34640760.jpg
一句顶一万句, 68.00元, 2022-8 ,花城出版社,刘震云 ,9.0,9632,《一句顶一万句》是著名作家刘震云的扛鼎之作，也是刘震云迄今为止最成熟最大气的作品，并在2011年获第八届茅盾文学奖。 小说分上下两个部分，前半部“出延津记”...,https://img9.doubanio.com/view/subject/s/public/s34289066.jpg
绝叫, 58.00元, 2020-7 ,北京联合出版公司,[日] 叶真中显  林佩瑾 ,8.9,102322,罗翔老师推荐！“这本书深刻地揭示了日本的社会问题，日本40多年来社会变迁的各种缩影。” 豆瓣「2020年度读书榜单」推理·悬疑类top1！ 怀才者的自怜是天...,https://img3.doubanio.com/view/subject/s/public/s33685372.jpg
生死疲劳, 69.90, 2022-1 ,浙江文艺出版社,莫言 ,9.1,38544,◆ 不看不知道，莫言真幽默！在极度痛苦时笑出声来，获得内心深处的解脱。 ◆ 莫言：“诺奖的评委主要是因为读完了《生死疲劳》，才把这个奖项授给了我。” ◆ 不...,https://img1.doubanio.com/view/subject/s/public/s34086258.jpg
悉达多 : 一首印度的诗, 32.00元, 2017-1 ,天津人民出版社,[德] 赫尔曼·黑塞  姜乙 ,9.3,102466,《悉达多》并非是佛陀的故事，它讲述了一个人的一生，千万寻常人亦会经历的一生。 意气风发的少年郎，常认为自己是被命运选中的人。抛下过去，随了跌跌撞撞的步伐，找...,https://img1.doubanio.com/view/subject/s/public/s29396368.jpg
长夜难明 : 双星, 65.00元, 2024-1 ,湖南文艺出版社,紫金陈 ,6.5,2757,闹市街头，女子坠楼身亡，腹部有刀伤。 两天后，一段赵泽宇手持带血匕首逃离案发现场的视频，被人在网上公开。赵泽宇是江北市原市长赵忠悯的独生子，江北知名企业家，...,https://img2.doubanio.com/view/subject/s/public/s34735111.jpg
在细雨中呼喊, 25.00元, 2012-11-1 ,作家出版社,余华 ,8.8,71875,《在细雨中呼喊》是二十世纪九十年代的经典文本，是余华的第一部长篇力作。小说描述了一位江南少年的成长经历和心灵历程。《在细雨中呼喊 》的结构来自于对时间的感受...,https://img3.doubanio.com/view/subject/s/public/s29032782.jpg
六个说谎的大学生, 45.00元, 2023-4 ,四川文艺出版社,[日] 浅仓秋成  王星星 ,7.7,15341,★豆瓣2023年度推理·悬疑图书TOP1。主持人/演员杨迪五星推荐。 ★大学生求职前必看小说。 ★《金色梦乡》作者伊坂幸太郎公开表示：“2021年看过的最好...,https://img9.doubanio.com/view/subject/s/public/s34497205.jpg
三体 : “地球往事”三部曲之一, 23.00, 2008-1 ,重庆出版社,刘慈欣 ,8.9,494933,文化大革命如火如荼进行的同时。军方探寻外星文明的绝秘计划“红岸工程”取得了突破性进展。但在按下发射键的那一刻，历经劫难的叶文洁没有意识到，她彻底改变了人类的...,https://img1.doubanio.com/view/subject/s/public/s2768378.jpg
疼痛部, 54.00元, 2023-5 ,北京日报出版社,[荷] 杜布拉夫卡·乌格雷西奇  姜昊骞 ,8.7,5039,来自一个已不存在的国家，教授一门四分五裂的语言，我像童话里的龙一样吐出舌头，然后它就分叉了：克罗地亚语、塞尔维亚语、波斯尼亚语、斯洛文尼亚语、马其顿语…… ...,https://img3.doubanio.com/view/subject/s/public/s34518953.jpg
献给阿尔吉侬的花束, 36.00元, 2015-4 ,广西师范大学出版社,[美] 丹尼尔·凯斯  陈澄和 ,9.1,107552,声称能改造智能的科学实验在白老鼠阿尔吉侬身上获得了突破性的进展，下一步急需进行人体实验。个性和善、学习态度积极的心智障碍者查理·高登成为最佳人选。手术成功后...,https://img1.doubanio.com/view/subject/s/public/s28050760.jpg
夜晚的潜水艇, 52.00元, 2020-9 ,上海三联书店,陈春成 ,8.3,70227,★ 《亚洲周刊》2020年度十大小说 ★ 豆瓣读书2020年度中国文学（小说类）Top1 ★ 2021年宝珀理想国文学奖首奖作品 ★ 2020年单向街书店文...,https://img1.doubanio.com/view/subject/s/public/s33718940.jpg
献给阿尔吉侬的花束, 48.00元, 2022-8 ,河南文艺出版社,[美] 丹尼尔·凯斯  陈澄和 ,9.2,19196,【编辑推荐】 ◆豆瓣9.1高分科幻，豆瓣图书Top 250总榜No. 47，豆瓣科幻小说榜Top10，6.6万人评分，10万人想读。Goodreads 4....,https://img3.doubanio.com/view/subject/s/public/s34280647.jpg
百年孤独, 39.50元, 2011-6 ,南海出版公司,[哥伦比亚] 加西亚·马尔克斯  范晔 ,9.3,423827,《百年孤独》是魔幻现实主义文学的代表作，描写了布恩迪亚家族七代人的传奇故事，以及加勒比海沿岸小镇马孔多的百年兴衰，反映了拉丁美洲一个世纪以来风云变幻的历史。...,https://img1.doubanio.com/view/subject/s/public/s27237850.jpg
一句顶一万句, 29.80, 2009-3 ,长江文艺出版社,刘震云 ,8.8,82220,《一句顶一万句》的故事很简单，小说的前半部写的是过去：孤独无助的吴摩西失去唯一能够“说得上话”的养女，为了寻找，走出延津；小说的后半部写的是现在：吴摩西养女...,https://img1.doubanio.com/view/subject/s/public/s6916838.jpg
三体Ⅱ : 黑暗森林, 32.00, 2008-5 ,重庆出版社,刘慈欣 ,9.3,301117,三体人在利用魔法般的科技锁死了地球人的科学之后，庞大的宇宙舰队杀气腾腾地直扑太阳系，意欲清除地球文明。 面对前所未有的危局，经历过无数磨难的地球人组建起同样...,https://img3.doubanio.com/view/subject/s/public/s3078482.jpg
涅朵奇卡 : 一个女人的一生, 45.00元, 2023-9-1 ,山东文艺出版社,陀思妥耶夫斯基  于大卫 ,8.7,5704,【编辑推荐】 ◆陀思妥耶夫斯基高分神作，全新回归。 ◆王小波读完终生难忘：“我看了这本书，而且终生记住了前半部。我到现在还认为这是一本最好的书，顶得上大部头...,https://img3.doubanio.com/view/subject/s/public/s34632192.jpg
人生海海, 55.00元, 2019-4 ,北京十月文艺出版社,麦家 ,8.0,91349,★豆瓣2019年度书单·中国文学（小说类） 第一名 · “他是全村最出奇古怪的人，古怪的名目要扳着指头一个一个数： 第一，他当过国民党军队的上校，是革命群众...,https://img3.doubanio.com/view/subject/s/public/s32266692.jpg
卡拉马佐夫兄弟, CNY 78.00, 2015-2-1 ,上海译文出版社,陀思妥耶夫斯基 (Ф.М.Достоевский)  荣如德 ,9.6,33496,本书系俄国大作家陀思妥耶夫斯基代表作之一。小说通过一桩真实的弑父案，描写老卡拉马佐夫同三个儿子即两代人之间的尖锐冲突。老卡拉马佐夫贪婪好色，独占妻子留给儿子...,https://img3.doubanio.com/view/subject/s/public/s28383857.jpg
恶意, 39.50元, 2016-11 ,南海出版公司,[日] 东野圭吾  娄美莲 ,8.7,128583,《恶意》是东野圭吾挑战写作极限的长篇杰作，与《白夜行》《嫌疑人X的献身》《解忧杂货店》并称东野圭吾四大杰作。《恶意》深刻揭示人性，故事中无边的恶意深不见底，...,https://img9.doubanio.com/view/subject/s/public/s29827014.jpg
大医·破晓篇, 108.00元, 2022-9 ,上海文艺出版社,马伯庸 ,8.7,12658,《大医·破晓篇》是马伯庸2022年全新长篇历史小说。 挽亡图存、强国保种，这是医者在清末变局中的一声呐喊。 大医若史，以济世之仁心，见证大时代的百年波澜。 ...,https://img9.doubanio.com/view/subject/s/public/s34293555.jpg
消失的13级台阶, 42.00元, 2020-5-15 ,上海文艺出版社,[日] 高野和明  赵建勋 ,8.6,97919,【内容简介】 一对老夫妇惨遭杀害。一切证据都指向树原亮，他却因车祸，恰好丧失了案发前后数小时的记忆…… 死刑执行官南乡携手刚假释出狱的纯一调查，希望替这位丧...,https://img1.doubanio.com/view/subject/s/public/s34070178.jpg
白夜行, 39.50元, 2013-1-1 ,南海出版公司,[日] 东野圭吾  刘姿君 ,9.2,472802,东野圭吾万千书迷心中的无冕之王 周刊文春推理小说年度BEST10第1名 本格推理小说年度BEST10第2名 《白夜行》是东野圭吾迄今口碑最好的长篇杰作，具备...,https://img1.doubanio.com/view/subject/s/public/s24514468.jpg
不间断的人, 68元, 2024-2 ,上海三联书店,双雪涛 ,7.9,594,★《猎人》之后，积淀五年，小说家双雪涛全新作品，回到未来世界，攥紧你的心脏。——七个故事装置，探向古老与未来时间，科幻与人心，谋杀与幻想，现实与虚构，s市与...,https://img3.doubanio.com/view/subject/s/public/s34765667.jpg
我的天才女友 : 那不勒斯四部曲1, 42.00元, 2017-1 ,人民文学出版社,[意] 埃莱娜·费兰特  陈英 ,8.7,113638,只有你身为女人才会知道这些丑陋的秘密 两个女人，50年的友谊和战争 过去五年，几乎所有欧美读者都在谈论她、 全球畅销百万册 被翻译成40种语言 《金融时报》...,https://img3.doubanio.com/view/subject/s/public/s29164777.jpg
我该走了吗, 79, 2023-11 ,上海译文出版社,[美] 李翊云  张芸 ,8.0,1369,著名华裔作家李翊云首度授权小说中译本 火焰般的激情，湮没一切的悲痛 人心在这两极之间往返，却又不得不寻找归宿与出口 …… 我不认为我曾抛下我的人物。我不重读...,https://img3.doubanio.com/view/subject/s/public/s34687553.jpg
房思琪的初恋乐园, 45.00元, 2018-2 ,北京联合出版公司,林奕含 ,9.2,377751,令人心碎却无能为力的真实故事。 向死而生的文学绝唱 打动万千读者的年度华语小说。 李银河 戴锦华 骆以军 张悦然 詹宏志 蒋方舟 等多位学者作家社会名人郑...,https://img2.doubanio.com/view/subject/s/public/s29651121.jpg
树上的男爵, 30.00元, 2012-4-1 ,译林出版社,[意大利]伊塔洛·卡尔维诺  吴正仪 ,9.1,59866,在大陆，王小波、苏童、阿城、止庵是他的忠实粉丝 在台湾，朱天文，唐诺是卡尔维诺不余遗力的传播者 在香港，梁文道说他一直在准备谈卡尔维诺，可是一直没准备好 权...,https://img9.doubanio.com/view/subject/s/public/s8968135.jpg
命运, 59.80元, 2022-9-5 ,浙江文艺出版社、广州出版社,蔡崇达 ,9.0,25842,编辑推荐： 继畅销四百万册的非虚构作品《皮囊》之后，睽违八年，蔡崇达携长篇小说新作《命运》重磅归来！ 献给想要改变命运的你：“只要活下去，命运终是赢不了我们...,https://img9.doubanio.com/view/subject/s/public/s34303676.jpg
霍乱时期的爱情, 39.50元, 2012-9-1 ,南海出版公司,[哥伦比亚] 加西亚·马尔克斯  杨玲 ,9.0,284712,★马尔克斯唯一正式授权，首次完整翻译 ★《霍乱时期的爱情》是我最好的作品，是我发自内心的创作。——加西亚•马尔克斯 ★这部光芒闪耀、令人心碎的作品是人类有史...,https://img3.doubanio.com/view/subject/s/public/s11284102.jpg
遥远的救世主, 28.00, 2005-05-01 ,作家出版社,豆豆 ,8.6,44800,这是一部可以傲然独尊的长篇小说。也是一部可遇不可求的完美佳作。 豆豆，以她的才华，探索一个有机的、无定形的、陌生的、暧昧的和未曾臻达的世界。男女主人公那浓墨...,https://img3.doubanio.com/view/subject/s/public/s3073167.jpg
东北故事集, 59.00元, 2024-1-22 ,人民文学出版社,迟子建 ,8.2,381,◎茅盾文学奖、鲁迅文学奖得主迟子建全新作品！ ◎描摹自然与人性的风雪，跨越历史与现实的泥淖！ 本书是茅盾文学奖、鲁迅文学奖得主迟子建的全新作品，收录了作家近...,https://img9.doubanio.com/view/subject/s/public/s34752564.jpg
三体Ⅲ : 死神永生, 38.00元, 2010-11 ,重庆出版社,刘慈欣 ,9.2,282116,与三体文明的战争使人类第一次看到了宇宙黑暗的真相，地球文明像一个恐惧的孩子，熄灭了寻友的篝火，在暗夜中发抖。自以为历经沧桑，其实刚刚蹒跚学步；自以为悟出了生...,https://img9.doubanio.com/view/subject/s/public/s26012674.jpg
孔雀菩提, 49元, 2023-8 ,新星出版社,焦典 ,7.9,2695,内容简介 《孔雀菩提》是青年作家焦典的首部小说集，由莫言作序，含11个似真似幻的云南雨林故事。 城市与城市的缝隙里，是大片雨林。 一脚踏进去，这里大象轻盈，...,https://img3.doubanio.com/view/subject/s/public/s34606297.jpg
杀死一只知更鸟, 58.00, 2017-2 ,译林出版社,[美] 哈珀·李  李育超 ,9.3,69269,《杀死一只知更鸟》是公认的美国文学经典，而它在教育领域的意义却使其突破了国界，成为世界上最有名的成长小说之一。《杀死一只知更鸟》在西方世界的影响力巨大，是美...,https://img1.doubanio.com/view/subject/s/public/s29214279.jpg
她对此感到厌烦, 54.80元, 2023-4 ,北京联合出版公司,妚鹤 ,9.0,13607,在好友的推荐下，玩家6237486购入了一款名为《女神录》的女性向游戏。 但她没想到，自己会穿进这个游戏中，成为女主莉莉丝。 成功攻略男主后，莉莉丝并没有回...,https://img9.doubanio.com/view/subject/s/public/s34636504.jpg
追风筝的人, 29.00元, 2006-5 ,上海人民出版社,[美] 卡勒德·胡赛尼  李继宏 ,8.9,793490,12岁的阿富汗富家少爷阿米尔与仆人哈桑情同手足。然而，在一场风筝比赛后，发生了一件悲惨不堪的事，阿米尔为自己的懦弱感到自责和痛苦，逼走了哈桑，不久，自己也跟...,https://img1.doubanio.com/view/subject/s/public/s1727290.jpg
圣母, 42.00, 2019-3 ,新星出版社,[日] 秋吉理香子  郑晓蕾 ,8.1,52269,一起男童被害案搅得蓝出市人心惶惶。 好不容易怀孕生产的保奈美抱紧年幼的孩子，立誓要不惜任何代价保护她。 男人是在孩子出生后才成为父亲的，但女人，是从小生命来...,https://img2.doubanio.com/view/subject/s/public/s30021261.jpg
面纱, 32.00元, 2012-05-01 ,重庆出版社,(英)W.萨默塞特·毛姆  阮景林 ,8.8,80343,★同名电影《面纱》小说原著 ★爱、幻灭、生死、背叛、别离 ★毛姆最具争议作品 ★女性精神觉醒经典读本 ★毛姆剖析人性三大力作——《刀锋》《面纱》《人性的枷锁...,https://img9.doubanio.com/view/subject/s/public/s9038826.jpg
局外人, 32元, 2013-8 ,上海译文出版社,(法)阿尔贝·加缪  柳鸣九 ,9.2,62426,阿尔贝•加缪（1913—1960）是法国声名卓著的小说家、散文家和剧作家，“存在主义”文学的大师。1957年因“热情而冷静地阐明了当代向人类良知提出的种种问...,https://img3.doubanio.com/view/subject/s/public/s27003183.jpg
失明症漫记 : 百年诞辰纪念版, 66, 2022-8-27 ,河南文艺出版社,[葡] 若泽·萨拉马戈  范维信 ,9.2,15443,关于《失明症漫记》，萨拉马戈说： 👓可能有人会问，为什么我毫不退缩地写出了一部如此冷酷无情的作品。我的回答如下：我活得很好，可是这个世界却不好。我的小说不过...,https://img3.doubanio.com/view/subject/s/public/s34269503.jpg
尘埃落定, 49.00元, 2020-10 ,浙江文艺出版社,阿来 ,8.8,10184,◎第五届茅盾文学奖获奖作品，畅销数百万册的文学经典 ◎连续获得诺贝尔文学奖提名的重量级作家阿来，茅盾文学奖史上最年轻获奖者 ◎以一个有先知先觉能力的傻子少爷...,https://img9.doubanio.com/view/subject/s/public/s34802556.jpg
公开的秘密, 59.00元, 2024-1 ,北京十月文艺出版社,[加] 艾丽丝·门罗  张洪凌 ,9.0,489,使我们难以忍受的，并非生活的现状， 而是生活的另一种可能。 ✧诺贝尔文学奖得主艾丽丝•门罗野心之作，打造独一无二的门罗宇宙 -获W.H.史密斯文学奖 | 入...,https://img1.doubanio.com/view/subject/s/public/s34728158.jpg
你的夏天还好吗？, 48.00元, 2022-10-15 ,人民文学出版社,[韩国] 金爱烂  薛舟 ,8.8,13765,“韩国八零后天才女作家”金爱烂 第十八届韩戊淑文学奖获奖作品 老舍文学奖得主 文珍 作序《在悬崖尽头抓住热带鱼》 “去看里面八个如热带鱼一样残忍而发光的故事...,https://img3.doubanio.com/view/subject/s/public/s34320463.jpg
六小时后你会死, 59.00元, 2024-1 ,中国友谊出版公司,[日] 高野和明  张静乔 ,7.0,1160,没时间慢慢说了！ 你要被杀了！！！ 日本推理大师 高野和明 颠覆《消失的13级台阶》 设定系推理全新作品！ · 【编辑推荐】 ★《消失的13级台阶》作者、江...,https://img1.doubanio.com/view/subject/s/public/s34745799.jpg
兄弟, 43.00元, 2012-9-1 ,作家出版社,余华 ,8.5,77575,《余华作品:兄弟》是余华作品。《余华作品:兄弟》讲述了这是两个时代相遇以后出生的小说，前一个是文革中的故事，那是一个精神狂热、本能压抑和命运惨烈的时代，相当...,https://img1.doubanio.com/view/subject/s/public/s24936189.jpg
许三观卖血记, 24.00元, 2012-9 ,作家出版社,余华 ,9.2,161964,《许三观卖血记》是余华1995年创作的一部长篇小说。《许三观卖血记》以博大的温情描绘了磨难中的人生，以激烈的故事形式表达了人在面对厄运时求生的欲望。小说讲述...,https://img1.doubanio.com/view/subject/s/public/s24575140.jpg
我本芬芳, 39.80, 2022-2-1 ,北京联合出版公司,杨本芬 ,8.3,38015,世界看不见我，但我看见我。中国式婚姻里，还有多少看不见的女人？继《秋园》《浮木》后，八旬奶奶讲述六十年婚姻故事，写尽那些无人知晓的伤痛与困惑，带给万千女性共...,https://img3.doubanio.com/view/subject/s/public/s34072342.jpg
面纱, 39.8元, 2016-4-1 ,江西人民出版社,[英] 威廉·萨默塞特·毛姆  于大卫 ,9.0,39019,“那描画的面纱，芸芸众生称之为生活” 凯蒂怎么也琢磨不透，丈夫到底有没有发现她出轨的秘密——偷情时门把手的转动、晚餐时意有所指的话语，还有突然要带她前往霍乱...,https://img9.doubanio.com/view/subject/s/public/s28561075.jpg
动物农场, 22.00元, 2010-9 ,上海译文出版社,[英]乔治·奥威尔  荣如德 ,9.5,54830,《动物农场》是奥威尔最优秀的作品之一，是一则入木三分的反乌托的政治讽喻寓言。农场的一群动物成功地进行了一场“革命”，将压榨他们的人类东家赶出农场，建立起一个...,https://img9.doubanio.com/view/subject/s/public/s4468486.jpg
道德故事集 : 精装珍藏版, 56, 2024-1-18 ,四川文艺出版社,[南非]J.M.库切  远子 ,8.1,897,《道德故事集》是库切短篇小说集，中文版首次引进，共包括《狗》《故事》《虚荣》《女人渐老时》《老妇人与猫》《谎言》《玻璃屠宰场》七个故事。 小说集以母与子、爱...,https://img1.doubanio.com/view/subject/s/public/s34735079.jpg
沧浪之水, 26.00元, 2001-10 ,人民文学出版社,阎真 ,8.4,31307,作者以娓娓而谈的文笔和行云流水般的故事，写出医学研究生池大为空怀壮志、无职无权的苦，时来运转、有名有利的难；在真切地展示他的人生旅程的同时，也把困扰他的人生...,https://img3.doubanio.com/view/subject/s/public/s1077712.jpg
平面国 : 多维空间传奇往事, 39.80元, 2020-8 ,上海文化出版社,[英] 埃德温·A.艾勃特  鲁冬旭 ,9.2,20138,"很难简单概括《平面国》这本书。 它可以是：首次解释""维度""概念的科普读物、脑洞大开的科幻小说、煞有介事的数学童话、剑走偏锋的精神启蒙、辛辣讽喻英国维多利亚时...",https://img1.doubanio.com/view/subject/s/public/s33710398.jpg
白鹿原 : 20周年精装典藏版, 39.00元, 2012-9 ,人民文学出版社,陈忠实 ,9.2,107147,在从清末民初到建国之初的半个世纪里，一阵阵狂风掠过了白鹿原上空，而每一次的变动都震荡着它的内在结构：打乱了再恢复，恢复了再打乱，细腻地反映出白姓和鹿姓两大家...,https://img3.doubanio.com/view/subject/s/public/s34777382.jpg
局外人, 22.00元, 2010-8 ,上海译文出版社,[法] 阿尔贝·加缪  柳鸣九 ,9.1,238929,《局外人》是法国作家加缪的成名作，同时也是存在主义文学的杰出作品之一，该书以一种客观记录式的“零度风格”，粗线条地描述了主人公默尔索在荒谬的世界中经历的种种...,https://img9.doubanio.com/view/subject/s/public/s4468484.jpg
平凡的世界, CNY 79.80, 2012-3-1 ,北京十月文艺出版社,路遥 ,9.0,77251,《平凡的世界(套装共3册)》是一部现实主义小说，也是小说化的家族史。作家高度浓缩了中国西北农村的历史变迁过程，作品达到了思想性与艺术性的高度统一，特别是主人...,https://img9.doubanio.com/view/subject/s/public/s8865866.jpg
希腊棺材之谜, 79.90, 2023-12 ,北京日报出版社,[美] 埃勒里·奎因  百里 ,8.2,663,一本载入史册的推理小说，你越聪明越猜不中结局！ ◆♢◆♢◆♢◆♢◆♢◆♢ 编辑推荐： ◆阿加莎·克里斯蒂与博尔赫斯追更大半辈子的推理大师！ ◆六度获得爱伦·...,https://img9.doubanio.com/view/subject/s/public/s34739746.jpg
克莱因壶, 48.00元, 2019-9 ,化学工业出版社,[日] 冈岛二人  张舟 ,8.9,66429,什么时候你开始怀疑这个世界是假的？ . 日本虚拟现实VR题材开山杰作， 超前《盗梦空间》20年！ 传奇推理作家组合冈岛二人预言之书，以超强的技术预见力，30...,https://img3.doubanio.com/view/subject/s/public/s33317677.jpg
一日三秋, 58, 2021-7 ,花城出版社,刘震云 ,8.4,19933,刘震云2021重磅新作，人间多少事，两三笑话中 【编辑推荐】 ★《一日三秋》是当代著名作家刘震云的现实魔幻主义新作，《一句顶一万句》的升级版，从百年延宕到千...,https://img3.doubanio.com/view/subject/s/public/s33946803.jpg
解忧杂货店, 39.50元, 2014-5 ,南海出版公司,[日] 东野圭吾  李盈春 ,8.5,758573,现代人内心流失的东西，这家杂货店能帮你找回—— 僻静的街道旁有一家杂货店，只要写下烦恼投进卷帘门的投信口，第二天就会在店后的牛奶箱里得到回答。 因男友身患绝...,https://img2.doubanio.com/view/subject/s/public/s27264181.jpg
孤岛的来访者, 49.00元, 2023-4 ,新星出版社,[日] 方丈贵惠  穆迪 ,7.8,4508,◎第29届鲇川哲也奖获奖作《时空旅行者的沙漏》系列第二弹 ◎难以预料的情节发展，多重诡计的综合展现 ◎孤岛×本格推理×特殊设定×神秘传说 ---------...,https://img1.doubanio.com/view/subject/s/public/s34489948.jpg
食南之徒, 56.00元, 2024-4-1 ,湖南文艺出版社,马伯庸 ,8.6,934,【内容简介】 ZUI贪吃的大汉使者唐蒙， 来到了ZUI会吃的南越之国。 这里食材丰富，简直就是饕餮之徒的梦想之地。然而，在美食背后，却涌动着南北对峙、族群隔...,https://img3.doubanio.com/view/subject/s/public/s34823157.jpg
大医·日出篇, 108.00元, 2022-12 ,上海文艺出版社,马伯庸 ,8.9,9176,《大医·日出篇》是马伯庸2022年全新长篇历史小说《大医·破晓篇》续作。 自强不屈，力从地起，这是医者寻觅救国之法的渐悟心路。 大医若史，以救人之仁术，见证...,https://img3.doubanio.com/view/subject/s/public/s34358582.jpg
失踪的孩子 : 那不勒斯四部曲4, 62.00元, 2018-7 ,人民文学出版社,[意] 埃莱娜·费兰特  陈英 ,9.2,80663,“我的整个生命，只是一场为了提升社会地位的低俗斗争。” 全球畅销近千万册被翻译成40多种语言 《我的天才女友》《新名字的故事》《离开的，留下的》—— 那不勒...,https://img1.doubanio.com/view/subject/s/public/s29799269.jpg
女佣异闻 : 乙一出道25周年纪念短篇集, 49.90, 2024-2 ,文汇出版社,[日] 乙一  潘郁灵 ,6.4,650,执念太深太深，就成了刺伤自己的利刃！ 【故事简介】 ♥固执女佣误入冷清古宅，听到诡异啼哭，追寻鬼影真相； ♥男人一心隐瞒失业秘密，最终却深陷臆想，彻底疯狂；...,https://img1.doubanio.com/view/subject/s/public/s34772020.jpg
岛屿的厝, 59, 2024-1-1 ,中信出版集团,龚万莹 ,8.7,246,一座南方小岛上的九个故事，如同交错的窄巷般纵横关联。在悠长的往日时光里，岛民们的人生轨迹互相交织。 就像没想到年久失修的老厝会在一个雨夜坍塌、庭院里的老芒果...,https://img1.doubanio.com/view/subject/s/public/s34698808.jpg
檀香刑, 56.00元, 2017-1 ,浙江文艺出版社,莫言 ,9.3,30725,《檀香刑》，给人一种穿行在现实与幻象之中的错觉。故事的地基架构在1900年戊戌变法前后、八国联军攻陷北京、慈禧太后仓皇出逃、德国人在山东强行修建胶济铁路的大...,https://img1.doubanio.com/view/subject/s/public/s33562530.jpg
愤怒的葡萄, 69.00元, 2019-6 ,湖南文艺出版社,[美]约翰·斯坦贝克  王一凡 ,9.1,8913,没有《愤怒的葡萄》，就不会有《追风筝的人》！ ──卡勒德•胡赛尼 · 诺贝尔文学奖得主约翰·斯坦贝克的经典名著， 荣获美国国家图书奖、普利策奖双项大奖。 ·...,https://img9.doubanio.com/view/subject/s/public/s32320755.jpg
流俗地, 55, 2021-4-1 ,北京十月文艺出版社,【马来西亚】黎紫书 ,9.2,19457,《亚洲周刊》2020年十大小说 华语文学的惊喜收获 王德威×王安忆 倾力推荐 “黎紫书为当代马华文学注入几分少见的温情” 《流俗地》以马来西亚锡都，被...,https://img3.doubanio.com/view/subject/s/public/s33884123.jpg
克拉拉与太阳, 68.00, 2021-3 ,上海译文出版社,[英] 石黑一雄  宋佥 ,8.2,49943,“太阳总有办法照到我们，不管我们在哪里。” ~ 克拉拉是一个专为陪伴儿童而设计的太阳能人工智能机器人（AF），具有极高的观察、推理与共情能力。她坐在商店展示...,https://img9.doubanio.com/view/subject/s/public/s33821754.jpg
红楼梦, 59.70元, 1996-12 ,人民文学出版社,[清] 曹雪芹 著、高鹗 ,9.6,422569,《红楼梦》是一部百科全书式的长篇小说。以宝黛爱情悲剧为主线，以四大家族的荣辱兴衰为背景，描绘出18世纪中国封建社会的方方面面，以及封建专制下新兴资本主义民主...,https://img1.doubanio.com/view/subject/s/public/s1070959.jpg
エレファントヘッド : 象首, JPY 2145, 2023-9 ,KADOKAWA,白井智之 ,9.1,3605,本格ミステリ大賞受賞の鬼才が仕掛ける、空前絶後の推理迷宮。 精神科医の象山は家族を愛している。だが彼は知っていた。どんなに幸せな家族も、たった一つの小さな亀...,https://img1.doubanio.com/view/subject/s/public/s34632149.jpg
长安十二时辰 上, 39.80元, 2017-1 ,湖南文艺出版社,马伯庸 ,8.3,55041,唐天宝三年，元月十四日，长安。大唐皇都的居民不知道，上元节辉煌灯火亮起之时，等待他们的，将是场吞噬一切的劫难。突厥、狼卫、绑架、暗杀、烈焰、焚城，毁灭长安城...,https://img3.doubanio.com/view/subject/s/public/s29247343.jpg
无条件投降博物馆, 64.00元, 2024-1-1 ,云南人民出版社,[荷]杜布拉夫卡·乌格雷西奇  何静芝 ,9.3,522,柏林是一座博物馆之城。 1994年夏，无条件投降博物馆关闭，数万苏俄士兵离开柏林。不久后，有了一个“俄国人在柏林”的展览，里面有张长长的纸条，写着被俄国人毁...,https://img3.doubanio.com/view/subject/s/public/s34729813.jpg
纷纷水火, 59.00, 2024-1 ,上海文艺出版社,林戈声 ,8.6,212,《收获》App“无界·收获App双盲命题写作大赛”首届首奖作者林戈声最新短篇小说集，从类型文学到严肃文学，她以“越界”的小说，书写一种无法言说的痛苦、不可名...,https://img3.doubanio.com/view/subject/s/public/s34755892.jpg
罗杰疑案 : 阿加莎·克里斯蒂作品02, 28.00元, 2013-3 ,新星出版社,[英] 阿加莎·克里斯蒂  常禾 ,9.2,73564,金斯艾伯特村里坐落着两座豪宅，“皇家围场”是其中之一，而居住其中的弗拉尔斯太太刚刚过世。 此后不久，她的情人，也就是住在另一所大宅里的罗杰•艾克罗伊德先生便...,https://img3.doubanio.com/view/subject/s/public/s25814002.jpg
西线无战事, 49, 2021-1 ,上海文艺出版社,[德] 埃里希·玛丽亚·雷马克  姜乙 ,9.4,19757,“我们才刚开始热爱生活，却不得不对这一切开炮。” 《悉达多》《人类群星闪耀时》译者、翻译家姜乙新译作，1929年德语原版直译。 6000字译后记，特别收录雷...,https://img1.doubanio.com/view/subject/s/public/s33779178.jpg
两京十五日, 108.00元, 2020-7 ,湖南文艺出版社,马伯庸 ,8.1,26407,《两京十五日》是马伯庸创作的一本长篇历史小说。 本书故事源于《明史》里关于朱瞻基的一段真实记载——“夏四月，以南京地屡震，命往居守。五月庚辰，仁宗不豫，玺书...,https://img3.doubanio.com/view/subject/s/public/s33682883.jpg
窄门, 45.00, 2018-10 ,天津人民出版社,[法] 安德烈·纪德  顾琪静 ,7.7,26423,“因为抱着与你重逢的期待，在我眼里最险峻的小道也总是最好的。” 阿莉莎与杰罗姆是一对表姐弟，自小青梅竹马。阿莉莎喜爱读书，常常和杰罗姆在花园后面的长椅上诵读...,https://img3.doubanio.com/view/subject/s/public/s29915013.jpg
大明王朝1566, 88.00元, 2016-7 ,花城出版社,刘和平 ,9.5,11311,编辑推荐 刘和平著的《大明王朝(1566上下)》对宦官的描写真绝！将“王权主义”写到他们骨头里去了。书中有两个最具命运感的人物，一个是海瑞，一个是嘉靖帝，他...,https://img9.doubanio.com/view/subject/s/public/s29249996.jpg
金色梦乡, 69.00元, 2016-11 ,南海出版公司,[日] 伊坂幸太郎  代珂 ,8.9,54971,《金色梦乡》是日本知名作家伊坂幸太郎的代表作，获第5届日本书店大奖、第21届山本周五郎奖，日文版销量突破114万册，堺雅人、竹内结子主演同名电影。对于《金色...,https://img9.doubanio.com/view/subject/s/public/s29397725.jpg
新名字的故事 : 那不勒斯四部曲2, 59.00元, 2017-4 ,人民文学出版社,[意] 埃莱娜·费兰特  陈英 ,9.2,91225,只有你身为女人 才会知道这些丑陋的秘密 两个女人 50年的友谊和战争 如何成为那个更强大的她，又不被她战胜 那不勒斯四部曲NO.2 《我的天才女友》后续， ...,https://img9.doubanio.com/view/subject/s/public/s29376146.jpg
美丽新世界, 45.00元, 2017-6 ,上海译文出版社,【英】奥尔德斯·赫胥黎  陈超 ,9.2,56374,出版于一九三二年的《美丽新世界》是奥尔德斯•赫胥黎最杰出的代表作，是二十世纪最著名的反乌托邦文学经典之一，与奥威尔的《一九八四》、扎米亚京的《我们》并称为“...,https://img9.doubanio.com/view/subject/s/public/s29477615.jpg
刀锋, 18.00元, 2007-3 ,上海译文出版社,[英]毛姆  周煦良 ,9.0,91493,威廉·萨默塞特·毛姆（1874-1965），英国著名小说家、戏剧家。《刀锋》是他的主要作品之一。 小说写一个参加第一次世界大战的美国青年飞行员拉里·达雷尔。...,https://img3.doubanio.com/view/subject/s/public/s2347562.jpg
龙与地下铁, 49.80元, 2024-1 ,湖南文艺出版社,马伯庸 ,7.5,1135,长安城的地下生活着几百条龙，居民们喜欢攀在龙背上，在四通八达的地道里呼啸而过。 每年大唐天子都会派官员去黄河壶口，招来刚刚跃过龙门的锦鲤，许诺他们有一份体面...,https://img9.doubanio.com/view/subject/s/public/s34720704.jpg
斯通纳, 49.00元, 2016-1 ,上海人民出版社,[美] 约翰·威廉斯  杨向荣 ,8.8,64333,《斯通纳》讲述了生命中最重要的部分：爱，认同，怜悯，志业，傲骨，信任与死亡。 一个勇者有过的失败不失意的人生：即使不能拥有完美的生活，所幸追求过完整的自我。...,https://img2.doubanio.com/view/subject/s/public/s28332051.jpg
隐墙, 52.00元, 2024-3 ,北京联合出版公司,[奥]玛尔伦·豪斯霍费尔  钟皓楠 ,9.0,168,⭕ 世界毁灭了，我才能“活”下去 ⭕ 诺奖得主多丽丝·莱辛、埃尔夫丽德·耶利内克，《小说机杼》作者詹姆斯·伍德，朋克教母帕蒂·史密斯盛赞推荐！ 奥地利国家大...,https://img1.doubanio.com/view/subject/s/public/s34749928.jpg
永恒的终结 : 关于时间旅行的终极奥秘和恢宏构想, 32.00元, 2014-9 ,江苏凤凰文艺出版社,[美] 艾萨克·阿西莫夫  崔正男 ,9.1,47034,24世纪，人类发明了时间力场。27世纪，人类在掌握时间旅行技术后，成立了一个叫做永恒时空（Eternity）的组织，在每个时代的背后，默默地守护着人类社会的...,https://img2.doubanio.com/view/subject/s/public/s27409671.jpg
鼠疫, 34.00元, 2013-8 ,上海译文出版社,[法] 阿尔贝·加缪  刘方 ,9.1,78640,阿尔贝•加缪（1913—1960）是法国声名卓著的小说家、散文家和剧作家，“存在主义”文学的大师。1957年因“热情而冷静地阐明了当代向人类良知提出的种种问...,https://img2.doubanio.com/view/subject/s/public/s27003191.jpg
献给名侦探的甜美死亡, 55.00元, 2023-8 ,新星出版社,[日] 方丈贵惠  吕灵芝 ,7.9,3985,◎第29届鲇川哲也奖获奖作《时空旅行者的沙漏》系列第三弹 ◎VR游戏里的虚拟空间 x 被誉为推理小说王道的“馆” 多重密室，新颖解答，密室的手法真的已被写尽...,https://img3.doubanio.com/view/subject/s/public/s34606347.jpg
密室狂乱时代的孤岛事件, 49.80元, 2023-10 ,北京日报出版社,[日]鸭崎暖炉  丁宇宁 ,7.3,1212,因“密室的无解证明与现场的不在证明有同等价值”的司法宣判，日本成为只要现场是密室就可以保证无罪的国家，密室杀人事件从此泛滥成灾。 日本屈指可数的富豪大富原苍...,https://img1.doubanio.com/view/subject/s/public/s34691490.jpg
我在北京送快递, 56.00元, 2023-3-24 ,湖南文艺出版社,胡安焉 ,8.1,44102,进入社会工作至今的二十年间，胡安焉走南闯北，辗转于广东、广西、云南、上海、北京等地，做过快递员、夜班拣货工人、便利店店员、保安、自行车店销售、服装店导购、加...,https://img1.doubanio.com/view/subject/s/public/s34522268.jpg
佐丽, 49, 2024-3 ,广西师范大学出版社,[美]莱尔德·亨特  于是 ,8.7,175,◎精简推荐 二〇二一年美国国家图书奖五强作品 | 一本关于成长、关于生活、关于自我的“人生全书” | 一部探寻人与内部、外部世界关系的微型情感史诗 | 人生...,https://img9.doubanio.com/view/subject/s/public/s34771164.jpg
挽救计划, 68.00, 2021-9 ,译林出版社,[美] 安迪·威尔  耿辉 ,9.1,11799,科技宅男+跨星系好（基）友联袂上演太空大救援 硬核工程风+幽默碎碎念打造年度科幻 奥巴马、乔治•R. R. 马丁力荐 高司令主演同名电影即将上映 👾出版后连...,https://img9.doubanio.com/view/subject/s/public/s33958826.jpg
在小山和小山之间, 45.00, 2023-5-18 ,上海文艺出版社,李停 ,8.3,5887,六零后“不快乐妈妈”独自来到异国他乡，与定居于此的待产女儿重启久违的同居生活。被时代和人性辜负的母亲、想逃离母亲如山般爱意却愈加走进漩涡的女儿，她们之间横隔...,https://img3.doubanio.com/view/subject/s/public/s34514752.jpg
五号屠场, 59.90元, 2022-7-1 ,河南文艺出版社,[美] 库尔特·冯内古特  虞建华 ,8.6,6768,故事中的一切，或多或少都发生过。至少，关于战争的部分是相当真实的。 比利被外星人绑架了，他因此从时间链上脱开了。 他上床睡觉时是个老态龙钟的鳏夫，醒来时却在...,https://img1.doubanio.com/view/subject/s/public/s34247279.jpg
嫌疑人X的献身, 28.00, 2008-9 ,南海出版公司,[日] 东野圭吾  刘子倩 ,8.9,522979,百年一遇的数学天才石神，每天唯一的乐趣，便是去固定的便当店买午餐，只为看一眼在便当店做事的邻居靖子。 靖子与女儿相依为命，失手杀了前来纠缠的前夫。石神提出由...,https://img9.doubanio.com/view/subject/s/public/s3254244.jpg
挪威的森林, 38.00元, 2018-3 ,上海译文出版社,[日] 村上春树  林少华 ,8.6,33597,《挪威的森林》是日本作家村上春树所著的一部长篇爱情小说，影响了几代读者的青春名作。故事讲述主角渡边纠缠在情绪不稳定且患有精神疾病的直子和开朗活泼的小林绿子之...,https://img2.doubanio.com/view/subject/s/public/s34412041.jpg
小王子, 22.00元, 2003-8 ,人民文学出版社,[法] 圣埃克苏佩里  马振骋 ,9.1,754240,小王子是一个超凡脱俗的仙童，他住在一颗只比他大一丁点儿的小行星上。陪伴他的是一朵他非常喜爱的小玫瑰花。但玫瑰花的虚荣心伤害了小王子对她的感情。小王子告别小行...,https://img1.doubanio.com/view/subject/s/public/s1237549.jpg
不存在的骑士, 22.00元, 2012-4 ,译林出版社,[意] 伊塔洛·卡尔维诺  吴正仪 ,8.9,24805,《卡尔维诺经典：不存在的骑士》是卡尔维诺 “我们的祖先”三部曲之一。“我们的祖先”三部曲包括：《不存在的骑士》《分成两半的子爵》《树上的男爵》，这三个故事代...,https://img2.doubanio.com/view/subject/s/public/s8972061.jpg
小径分岔的花园, 23.00, 2015-7 ,上海译文出版社,[阿根廷] 豪·路·博尔赫斯  王永年 ,8.9,46418,本书为1941年的短篇小说集，收小说七篇。其中，《小径分岔的花园》是侦探小说，讲述一桩罪行的准备工作和实施过程。小径分岔的花园是一个谜语，或者说寓言，而谜底...,https://img1.doubanio.com/view/subject/s/public/s29746559.jpg
丰乳肥臀, 49.00, 2017-1 ,浙江文艺出版社,莫言 ,8.8,19050,*他的想象力丰富，又扎根于中国传统的说书艺术，这是他超过马尔克斯和福克纳的地方。——诺贝尔文学奖评委会前主席谢尔•埃斯普马克 *任何人要是想谈论中国，都应该...,https://img1.doubanio.com/view/subject/s/public/s33895248.jpg
灿烂千阳, 28.00元, 2007-9 ,上海人民出版社,[美] 卡勒德·胡赛尼  李继宏 ,8.9,122151,私生女玛丽雅姆在父亲的宅院门口苦苦守候，回到家却看到因绝望而上吊自杀的母亲。那天是她十五岁的生日，而童年嘎然而止。玛丽雅姆随后由父亲安排远嫁喀布尔四十多岁的...,https://img9.doubanio.com/view/subject/s/public/s2651394.jpg
你当像鸟飞往你的山, 59.00元, 2019-10 ,南海出版公司,塔拉·韦斯特弗  任爱红 ,8.7,187532,人们只看到我的与众不同：一个十七岁前从未踏入教室的大山女孩，却戴上一顶学历的高帽，熠熠生辉。只有我知道自己的真面目：我来自一个极少有人能想象的家庭。我的童年...,https://img9.doubanio.com/view/subject/s/public/s33492346.jpg
登春台, 68.00, 2024-3 ,译林出版社,格非 ,7.8,373,【编辑推荐】 🟢 茅盾文学奖得主格非，暌违四年全新长篇小说。 🟢 众人熙熙，如登春台。于万千命运中，我们推开自己的门。 🟢 北京春台路67号四个人物的命运流...,https://img1.doubanio.com/view/subject/s/public/s34745930.jpg
假面游戏, 59.00元, 2024-3-1 ,南海出版公司,[日] 东野圭吾  史诗 ,6.5,743,★东野圭吾全新长篇！创作生涯第99部作品，再次挑战你的大脑和泪腺！ ——达文西2022年度小说TOP1，日贩、东贩年度热销榜TOP2，日文版系列销量超 49...,https://img9.doubanio.com/view/subject/s/public/s34796716.jpg
台北人, 38.00元, 2010-10 ,广西师范大学出版社,白先勇 ,9.0,73280,作为20世纪中文小说100强的《台北人》，是一部深具复杂性的短篇小说集，由十四个一流的短篇小说构成，串联成一体，则效果遽然增加，不但小说之幅面变广，使我们看...,https://img9.doubanio.com/view/subject/s/public/s4526465.jpg
孽子, 46.00元, 2010.10 ,广西师范大学出版社,白先勇 ,9.2,47176,白先勇唯一的一部长篇小说《孽子》，以同性恋为题材，全书共分为四章，依次是“放逐”、“在我们的王国里”、“安乐乡”、“那些青春鸟的行旅”，描写了上个世纪六七十...,https://img1.doubanio.com/view/subject/s/public/s6240330.jpg
长安十二时辰 下, 39.80元, 2017-1-1 ,湖南文艺出版社,马伯庸 ,7.6,33056,唐天宝三年，元月十四日，长安。大唐皇都的居民不知道，上元节辉煌灯火亮起之时，等待他们的，将是场吞噬一切的劫难。突厥、狼卫、绑架、暗杀、烈焰、焚城，毁灭长安城...,https://img2.doubanio.com/view/subject/s/public/s29205251.jpg
荒原狼, 59.8, 2023-3 ,浙江文艺出版社,[德] 赫尔曼·黑塞  姜乙 ,8.8,4162,“我们所知的世界，包含其中的不公、腐朽和恶意，如何与我们信任的理想和至高愿景相协调？ 一切赋予生命价值的神圣事物——美、爱、真理和善，是真实的还是空洞的幻象...,https://img1.doubanio.com/view/subject/s/public/s34415320.jpg
离开的，留下的 : 那不勒斯四部曲3, 62.00元, 2017-10 ,人民文学出版社,[意] 埃莱娜·费兰特  陈英 ,8.9,74470,两个女人 50年的友谊和战争 那不勒斯四部曲NO.3 全球畅销近千万册 被翻译成40多种语言 “我希望她在场，这是我写作的目的。” 《我的天才女友》《新名字...,https://img2.doubanio.com/view/subject/s/public/s29535271.jpg
云边有个小卖部, 42.00元, 2018-7 ,湖南文艺出版社,张嘉佳 ,7.4,84873,云边镇少年刘十三的成长故事。 刘十三自幼与开小卖部的外婆相依为命，努力读书为了离开小镇，追寻远方与梦想。在城市里碰壁受挫的刘十三回到了小镇，与少时玩伴程霜重...,https://img9.doubanio.com/view/subject/s/public/s29799055.jpg
致海岸线, 35元, 2023-10 ,浩宇出版社,CK ,,241,《致海岸线》这本小书，收集了三个题材和风格都不太一样的故事。第一个故事《致海岸线》最早的创意来自另一位CK，他分享的故事激发了我的灵感，所以这个故事几乎是在...,https://img9.doubanio.com/view/subject/s/public/s34774315.jpg
邻居, 56.00, 2023-6 ,湖南文艺出版社,[日] 雫井脩介  吕灵芝 ,7.6,4788,1.千万别放他进来！！！人性惊悚、熬夜必看、令人窒息的致“郁”佳作，恐怖来袭！ 2.日本热门推理作家雫井脩介恐怖书写！远亲不如近邻，近邻他却……意想不到的故...,https://img1.doubanio.com/view/subject/s/public/s34528340.jpg
麒麟, 78, 2022-7 ,长江文艺出版社,周游 ,8.2,6038,瑞兽杀人，盛世惊悚 福祸有数，命运如笼 清乾隆年间，江南名城苏州，大案奇案接连发生——苏州城外的藏鼎山上，巨额官银被抢，凶手还残忍地将官兵尸体肢解，摆出奇怪...,https://img9.doubanio.com/view/subject/s/public/s34272106.jpg
第七天, 39.5, 2018-8 ,新星出版社,余华 ,8.2,49301,名人推荐 媒体推荐 作者简介 目录 文摘 编辑推荐 《第七天》获华语文学传媒大奖·年度杰出作家。温暖与冷漠、良善与邪恶、真实与荒诞、实有与虚无，交织成一部时...,https://img2.doubanio.com/view/subject/s/public/s33747401.jpg
千里江山图, 59.00, 2022-4-30 ,上海文艺出版社,孙甘露 ,7.5,2676,1933年，腊月十五，乌云笼罩着上海，一场秘密会议突然被冲，一半与会者被抓。陈千里临危受命，重整队伍，继续执行绝密计划。众目睽睽之下，一场事先张扬的转移险战...,https://img1.doubanio.com/view/subject/s/public/s34613530.jpg
这一切纯属偶然！, 49.9, 2024-1 ,北京日报出版社,[日]伊坂幸太郎  烨伊 ,7.1,398,★命运随时都在转折，你的好运可能已经来了。 没想到一个小小的偶然，意外改变了我的一生。 伊坂幸太郎的偶然： 2001年冬天一个寻常的早晨，伊坂幸太郎像往常一...,https://img1.doubanio.com/view/subject/s/public/s34771279.jpg
德米安 : 埃米尔·辛克莱年少时的故事, 58.00元, 2020-5 ,天津人民出版社,[德] 赫尔曼·黑塞  姜乙 ,8.9,11795,★“我所想望的，无非是试着依我自发的本性去生活。为何如此之难？” ★畅销100年，影响全球无数青年，村上春树、塔可夫斯基挚爱的文学经典。 ★防弹少年团专辑《...,https://img3.doubanio.com/view/subject/s/public/s33646692.jpg
恶徒的救赎, 49.90元, 2023-4-10 ,北京日报出版社,[日] 高野和明  徐建雄 ,7.6,2795,【内容简介】 东京突发连环杀人案：有人被捆住手脚丢入浴缸的沸水之中；有人在街头被烈火焚烧…… 与此同时，恶徒八神终于等来洗心革面的机会——在17小时内抵达医...,https://img9.doubanio.com/view/subject/s/public/s34486965.jpg
1984, 28.00, 2010-4-1 ,北京十月文艺出版社,[英] 乔治·奥威尔  刘绍铭 ,9.4,283267,★村上春树以《1Q84》向本书致敬 ★著名学者刘绍铭经典译本内地首次出版 ★62种文字风靡110个国家，全球销量超过5000万册 ★《时代周刊》“最好的10...,https://img1.doubanio.com/view/subject/s/public/s4371408.jpg
四世同堂, 36.00元, 2008-07 ,北京十月文艺出版社,老舍 ,9.4,39804,值得每一代中国人阅读的文学经典，值得每一个中国人珍藏的民族记忆。老舍：它是我从事写作以来最长的、可能也是最好的一本书。入选《亚洲周刊》“二十世纪中文小说一百...,https://img1.doubanio.com/view/subject/s/public/s3228699.jpg
燕食记, 78, 2022-8 ,人民文学出版社,葛亮 ,8.9,5729,----------------------------------------------- 名家推荐 人间味是食知味，人间事终究是调鼎鼐、烹小鲜。《燕食...,https://img1.doubanio.com/view/subject/s/public/s34273798.jpg
晚熟的人, 59, 2020-8-1 ,人民文学出版社,莫言 ,8.0,19102,内容简介： 诺贝尔文学奖得主 莫言 获奖后首部作品 十年蕴积，人事全新。 一言掷地，壁立千仞。 莫言的想象飞越于整个人类的存在状态之上。 ——诺贝尔文学...,https://img1.doubanio.com/view/subject/s/public/s33696230.jpg
月亮与六便士, 39.80元, 2017-1-1 ,浙江文艺出版社,[英] 威廉·萨默塞特·毛姆  徐淳刚 ,8.8,220334,“满地都是六便士，他却抬头看见了月亮。” 银行家查尔斯，人到中年，事业有成，为了追求内心隐秘的绘画梦想，突然抛妻别子，弃家出走。他深知：人的每一种身份都是一...,https://img1.doubanio.com/view/subject/s/public/s29634528.jpg
哈利·波特, 498.00元, 2008-12-1 ,人民文学出版社,J.K.罗琳 (J.K.Rowling)  苏农、马爱农、马爱新 ,9.7,106143,《哈利·波特(共7册)(精)》编著者J.K.罗琳。 《哈利·波特(共7册)(精)》内容提要：2000年的一个深夜，在美国书店的烛光中，穿着黑斗篷，戴...,https://img9.doubanio.com/view/subject/s/public/s29101586.jpg
围城, 39.00元, 1991-2-1 ,人民文学出版社,钱锺书 ,9.3,102774,《围城》是一幅栩栩如生的世井百态图，人生的酸甜苦辣千般滋味均在其中得到了淋漓尽致的体现。钱钟书先生将自己的语言天才并入极其渊博的知识，再添加上一些讽刺主义的...,https://img3.doubanio.com/view/subject/s/public/s11276847.jpg
地下室手记, 39.8, 2020-5 ,浙江文艺出版社,(俄罗斯) 陀思妥耶夫斯基  曾思艺 ,9.3,23346,《地下室手记》是俄国作家陀思妥耶夫斯基创作的长篇小说。该书由主角地下室人以第一人称的方式叙述，地下室人是名年约四十岁左右的退休公务员，他的内心充满了病态的自...,https://img3.doubanio.com/view/subject/s/public/s33638812.jpg
骆驼祥子, 12.00元, 1962-10-1 ,人民文学出版社,老舍 ,8.6,208370,《骆驼祥子》是老舍用同情的笔触描绘的一幕悲剧：二十年代的北京，一个勤劳、壮实的底层社会小人物怀着发家、奋斗的美好梦想，却最终为黑暗的暴风雨所吞噬。它揭示了当...,https://img1.doubanio.com/view/subject/s/public/s1146040.jpg
鹿川有许多粪, 58.00元, 2021-8 ,武汉大学出版社,李沧东  春喜 ,8.9,33180,豆瓣2021年度读书榜单 “年度外国文学（小说类）” “年度高分图书” “豆瓣书店最受欢迎图书” 李沧东封笔之作 直面错综复杂的生活本身，探索真正价值的可能...,https://img3.doubanio.com/view/subject/s/public/s33968312.jpg
一个叫欧维的男人决定去死, 35.00元, 2015-12 ,四川文艺出版社,[瑞典] 弗雷德里克·巴克曼  宁蒙 ,9.1,68069,来认识一下欧维，这个59岁的老头，脾气古怪，带着坚不可摧的原则、每天恪守的常规以及随时发飙的脾性在社区晃来晃去，被背地里称为“地狱来的恶邻”。他每天一大早就...,https://img1.doubanio.com/view/subject/s/public/s29071620.jpg
三体全集, 2018-11-26, 读客文化 ,刘慈欣,,9.3,15431,,https://img3.doubanio.com/view/subject/s/public/s33460607.jpg
活着, 35.00元, 2017-6-1 ,北京十月文艺出版社,余华 ,9.4,37701,【内容简介】 《活着》是当代作家余华的代表作，讲述了一个人历尽世间沧桑和磨难的一生，亦将中国大半个世纪的社会变迁凝缩其间。《活着》还讲述了眼泪的宽广和丰富；...,https://img1.doubanio.com/view/subject/s/public/s29652928.jpg
杀死一只知更鸟, 32.00元, 2012-9 ,译林出版社,[美] 哈珀·李  高红梅 ,9.2,146070,成长总是个让人烦恼的命题。成长有时会很缓慢，如小溪般唱着叮咚的歌曲趟过，有时却如此突如其来，如暴雨般劈头盖脸……三个孩子因为小镇上的几桩冤案经历了猝不及防的...,https://img3.doubanio.com/view/subject/s/public/s23128183.jpg
沙丘, 68.00元, 2017-2-1 ,江苏凤凰文艺出版社,[美] 弗兰克·赫伯特  潘振华 ,7.9,17712,人类每次正视自己的渺小，都是自身的一次巨大进步。 —————————— 哥白尼提出了“日心说”，我们才知道这个世界并不是宇宙的中心。 哈勃用望远镜揭开了河外...,https://img9.doubanio.com/view/subject/s/public/s29245314.jpg
周四推理俱乐部：活了两次的男人, 58.00元, 2022-12 ,接力出版社,[英] 理查德·奥斯曼  张雅琳 ,8.1,1742,★人生游乐场里，他们精通所有通关秘籍。“周四推理俱乐部”四位“安乐椅侦探”平均年龄77.5岁，智斗国际犯罪组织、英国军情五处，联手侦破盗窃、凶杀连环案！ ★...,https://img1.doubanio.com/view/subject/s/public/s34369999.jpg
酒吧长谈, 128.00元, 2021-3 ,人民文学出版社,[秘鲁] 马里奥·巴尔加斯·略萨  孙家孟 ,9.4,4463,《酒吧长谈》是诺贝尔文学奖得主马里奥•巴尔加斯•略萨极富创作野心的作品之一，可能也是体现这位当代作家如何利用文学来进行政治思考的绝佳范例。小说的故事背景是奥...,https://img9.doubanio.com/view/subject/s/public/s34493574.jpg
一桩事先张扬的凶杀案, 25.00元, 2013-6 ,南海出版公司,[哥伦比亚] 加西亚·马尔克斯  魏然 ,8.7,51441,★马尔克斯自认为掌控得最好的作品。 ★这是一个残忍的犯罪故事，一部极具张力的小说，为此我写了三十年。——加西亚•马尔克斯 ★它综合了我以往所有作品的元素，我...,https://img1.doubanio.com/view/subject/s/public/s26546959.jpg
在暴雪时分, 48.00元, 2020-5 ,江苏凤凰文艺出版社,墨宝非宝 ,7.2,2661,★《蜜汁炖鱿鱼》《一生一世美人骨》作者、高人气畅销书作家墨宝非宝浪漫、绵长的深情力作，首版新书重磅上市。 墨宝非宝经典代表作，殷果&林亦扬，我愿这爱情，没有...,https://img1.doubanio.com/view/subject/s/public/s33675989.jpg
宋慈洗冤笔记 : 太学岳祠案, 58.00, 2023-10-1 ,四川文艺出版社,巫童 ,7.9,3812,跟随世界法医鼻祖宋慈破奇案、洗冤情、寻真相！ - ★古风悬疑推理神作 ★微信读书超9万人阅读，3600多人点评，推荐值超95%，点评人中，每10个读者就有9...,https://img3.doubanio.com/view/subject/s/public/s34654377.jpg
分成两半的子爵, 20.00元, 2012-4-1 ,译林出版社,[意] 伊塔洛·卡尔维诺  吴正仪 ,8.8,28186,卡尔维诺 “我们的祖先”三部曲之一。“我们的祖先”三部曲包括：《不存在的骑士》《分成两半的子爵》《树上的男爵》，这三个故事代表通向自由的三个阶段，关于人如何...,https://img3.doubanio.com/view/subject/s/public/s8972073.jpg
显微镜下的大明, 52.00元, 2019-1 ,湖南文艺出版社,马伯庸 ,8.7,44511,★ 马伯庸全新历史纪实作品，一本值得收藏的明朝历史书 ★ 六件罕为人知的明代档案，六个尘封已久的民生往事 ★ 生动的基层治政手册，于细微处读懂真正的古代中国...,https://img2.doubanio.com/view/subject/s/public/s29960161.jpg
飞翔的孔雀, 56.00元, 2023-12 ,新星出版社,[日] 山尾悠子  玉蟲 ,7.6,171,◎小松左京、川上弘美推荐 ◎日本SF大奖、泉镜花文学奖、艺术选奖文部科学大臣奖获奖之作 ◎日本幻想文学代表作家山尾悠子 以冷峻诗意的笔触，塑造出一个美丽而残...,https://img3.doubanio.com/view/subject/s/public/s34711542.jpg
黄金时代 : 时代三部曲, 19.00元, 1999-3 ,花城出版社,王小波 ,8.9,166356,《黄金时代》是《时代三部曲》之一。 这是以文革时期为背景的系列作品构成的长篇。发生“文化大革命”的二十世纪六七十年代，正是我们国家和民族的灾难年代。那时，...,https://img3.doubanio.com/view/subject/s/public/s1076372.jpg
金瓶梅, 2016-1, 南洋出版社 ,兰陵笑笑生,,9.5,3760,全球首套简体中文完整版双版本《金瓶梅》（一字不删），包括拥有最充分原始信息、最具可读性的“崇祯本”全部内容（该版本曾面向中国高级领导干部和学者及大型图书馆少...,https://img3.doubanio.com/view/subject/s/public/s29052993.jpg
文城, 59.00元, 2021-3 ,北京十月文艺出版社,余华 ,7.9,59771,【编辑推荐】 ★时隔八年，余华全新长篇重磅归来！ ◆人生就是自己的往事和他人的序章 时代的洪流推着每个人做出各自的选择。 这是一个荒蛮的年代，结束的尚未结束...,https://img3.doubanio.com/view/subject/s/public/s33834057.jpg
素食者, 48, 2021-9 ,四川文艺出版社,[韩] 韩江  胡椒筒 ,8.0,40751,亚洲首位国际布克文学奖得主获奖作品 我在写作时，经常会思考这些问题：人类的暴力能达到什么程度；如何界定理智和疯狂；我们能在多大程度上理解别人。我希望《素食者...,https://img3.doubanio.com/view/subject/s/public/s33956462.jpg
她厌男，她是我女友, 48.00元, 2023-5-25 ,中国友谊出版公司,[韩] 闵智炯  黄莞婷 ,7.3,11106,以韩国男性为第一视角的女性小说，每一句都太典了！ · ★是这个世界让我成为了女性主义者——比《82年生的金智英》更进一步，超高讨论度的韩国女性小说。 荣获韩...,https://img1.doubanio.com/view/subject/s/public/s34527419.jpg
蝲蛄吟唱的地方, 58.00元, 2019-10 ,湖南文艺出版社,[美] 迪莉娅·欧文斯  王泽林 ,8.8,20185,◆2019全美现象级畅销小说。登上《纽约时报》《今日美国》、美国亚马逊、北美独立书店四大重量级畅销榜榜首；连续上榜超过57周。 ◆美国国内总销量已逾400万...,https://img3.doubanio.com/view/subject/s/public/s33469693.jpg
焦虑的人, 49.8, 2021-8 ,天津人民出版社,弗雷德里克·巴克曼  孙璐 ,8.5,15273,究竟是何种程度的无奈和绝望，迫使一个中年人在新年来临前的早晨，用一把玩具枪抢劫一家无现金银行。行动失败的劫匪仓皇之中逃进一间位于大楼顶层的待售公寓，里面全都...,https://img2.doubanio.com/view/subject/s/public/s33951431.jpg
飘, 40.00元, 2000-9 ,译林出版社,[美国] 玛格丽特·米切尔  李美华 ,9.3,211921,小说中的故事发生在1861年美国南北战争前夕。生活在南方的少女郝思嘉从小深受南方文化传统的熏陶，可在她的血液里却流淌着野性的叛逆因素。随着战火的蔓廷和生活环...,https://img1.doubanio.com/view/subject/s/public/s1078958.jpg
魔术师, 89.00元, 2023-4 ,上海译文出版社,[爱尔兰] 科尔姆·托宾  柏栎 ,8.8,2219,＊《大师》《布鲁克林》作者科尔姆·托宾最新长篇力作 ＊ 英国弗里欧文学奖获奖作品 ＊ 入选《纽约时报》2021年十大历史小说 ＊《华盛顿邮报》《时尚》《华尔...,https://img1.doubanio.com/view/subject/s/public/s34490089.jpg
人世间（套装共三册）, 238.00元, 2018-1 ,中国青年出版社,梁晓声 ,8.1,9425,《人世间》（三卷本）是著名作家梁晓声的*新长篇小说。全书一百一十五万字，历经数年创作完成。作品以北方省会城市一位周姓平民子弟的生活轨迹为线索，从二十世纪七十...,https://img9.doubanio.com/view/subject/s/public/s34364306.jpg
仙症, 58.00元, 2020-10 ,北京日报出版社,郑执 ,8.2,14890,幻想自己曾在潜艇服役的精神病人，沈阳机场里寂寞的驱鸟员，穷鬼乐园，酗酒，黑夜，旅行者的浪迹，男孩与父亲的长久的告别……世纪之交的北方城市里，人物始终处于失落...,https://img9.doubanio.com/view/subject/s/public/s33735176.jpg
出生意愿确认, 49.00元, 2024-1 ,广西师范大学出版社,李琴峰  烨伊 ,7.3,549,🛰内容简介 50年后，人类生育领域科技树到达顶峰，胎儿在预产期的两周前能自己决定“是否分娩”。最终是“出生”还是“退出”，父母都要接受孩子的意愿。如果违背胎...,https://img9.doubanio.com/view/subject/s/public/s34737986.jpg
晚春情话, 68, 2024-2-14 ,人民文学出版社,韩松落 ,9.1,192,【编辑推荐】 拾荒人、异乡人、浪人、狂人——韩松落 并非所有人都要唱同一首歌，他有属于自己的乐章 他孤身一人，内心有不为人知的疯狂和快乐 他像是，远处没被人...,https://img1.doubanio.com/view/subject/s/public/s34775960.jpg
海漄怪奇故事集, 56.00元, 2024-1 ,新星出版社,海漄 ,7.7,201,收录2023雨果奖最佳短中篇《时空画师》+7篇口碑佳作+2篇神秘新作 内藏《千里江山图》局部拉页 从怪奇诡谲到恍然大悟，海漄不只有《时空画师》！ 钱莉芳、张...,https://img3.doubanio.com/view/subject/s/public/s34746932.jpg
棋王·树王·孩子王 : 阿城文集 之一, 58.00, 2016-3-1 ,江苏凤凰文艺出版社,阿城 ,9.3,28359,此次出版的是阿城先生亲自编订的最新版本，增添了许多以往版本所不具备的内容。 内容包括以往版本都有的《棋王》《树王》《孩子王》三篇中篇小说，以及以往版本所不具...,https://img3.doubanio.com/view/subject/s/public/s28688273.jpg
当我们不再理解世界, 59.00元, 2022-9-1 ,人民文学出版社,[智利]本哈明·拉巴图特  施杰 ,8.3,21015,◆编辑推荐： ★二〇二一年国际布克奖、美国国家图书奖短名单作品！ ★入选二〇二一年度《纽约时报书评周刊》十大好书！ ★入选奥巴马二〇二一年夏季阅读书单！ ★...,https://img1.doubanio.com/view/subject/s/public/s34295659.jpg
夜奔, 188, 2024-3 ,广东人民出版社,苏生 ,8.6,106,长篇小说《夜奔》是一部当代中国京剧艺术的史诗，是四代女性京剧艺人在时代洪流中的心灵史和生命之书，更是传统中国文化筋骨在80年世代变迁中百折不挠的精神传承。 ...,https://img1.doubanio.com/view/subject/s/public/s34732598.jpg
没有人给他写信的上校, 35.00元, 2018-6 ,南海出版公司,[哥伦比亚]加西亚·马尔克斯  陶玉平 ,8.7,9792,★ 【全新雅致开本、典藏封面】 ★ 五十六年了，上校唯一做过的事情就是等待。 《没有人给他写信的上校》是加西亚•马尔克斯最负盛名的中篇小说，在世界文学史上与...,https://img1.doubanio.com/view/subject/s/public/s29787630.jpg
平原上的摩西, 59, 2021-4 ,北京日报出版社,双雪涛 ,8.2,21893,《平原上的摩西》是小说家双雪涛的代表作，收录十篇极具风格的中短篇小说，以同名作品最为经典：1995年艳粉街的平安夜，一场大雪掩藏的谜案，一次未赴之约，一颗心...,https://img9.doubanio.com/view/subject/s/public/s33855006.jpg
最小的海, 49.00元, 2023-9 ,新星出版社,叶昕昀 ,7.5,1504,《最小的海》是90后作家叶昕昀的首部小说集。八个关于爱欲与宽恕的故事，见证孤独之人彼此贴近的瞬间：瘸腿的女人与独眼的男人，相约去寺庙看孔雀；一对性情水火不容...,https://img9.doubanio.com/view/subject/s/public/s34645536.jpg
金锁记, 13.5元, 2005-6 ,哈尔滨出版社,张爱玲 ,8.6,62966,《金锁记》写于1943年，小说描写了一个小商人家庭出身的女子曹七巧的心灵变迁历程。七巧做过残疾人的妻子，欲爱而不能爱，几乎像疯子一样在姜家过了30年。在财欲...,https://img9.doubanio.com/view/subject/s/public/s2976745.jpg
未来学大会, 42.00元, 2021-8 ,译林出版社,[波] 斯坦尼斯瓦夫·莱姆  许东华 ,9.1,11415,👾如果可以选择，是直面悲惨的现实，还是用致幻剂营造虚假幻象？ 👾波兰科幻大师莱姆代表作之一，以科学幽默和辛辣讽刺勾画人类未来。 【编辑推荐】 🌟波兰科幻大师...,https://img9.doubanio.com/view/subject/s/public/s33925034.jpg
百年孤独 : 50周年纪念版, 55.00元, 2017-8 ,南海出版公司,[哥伦比亚] 加西亚·马尔克斯  范晔 ,9.5,23916,《百年孤独》是魔幻现实主义文学的代表作，描写了布恩迪亚家族七代人的传奇故事，以及加勒比海沿岸小镇马孔多的百年兴衰，反映了拉丁美洲一个世纪以来风云变幻的历史。...,https://img3.doubanio.com/view/subject/s/public/s33542403.jpg
时空旅行者的沙漏, 48.00, 2021-5 ,新星出版社,[日] 方丈贵惠  穆迪 ,7.5,4468,第29届鲇川哲也奖获奖作！ 发生在孤岛别墅中的连续杀人案 为拯救爱人而穿越时空搜查真凶 时间旅行 x 本格推理 一口气读到底！ ◎拥有魔术盒的魅力，不知会...,https://img1.doubanio.com/view/subject/s/public/s33880048.jpg
基督山伯爵, 138, 2018-10 ,译林出版社,[法]大仲马  周克希 ,9.2,11611,《基督山伯爵》是法国文学必读名著，影响一批中国作家，包括金庸、余华、木心等。 译者周克希系资深翻译家。他的译作颇多，文笔优美、流畅，深得广大读者的厚爱。 译...,https://img1.doubanio.com/view/subject/s/public/s33708508.jpg
一地鸡毛, 29.00元, 2011-9-1 ,长江文艺出版社,刘震云 ,8.5,6596,《一地鸡毛》是刘震云的中短篇小说集，收录的小说除了被改编为影视作品而被大众耳熟能详的《一地鸡毛》外，还有《塔铺》《头人》《新兵连》《单位》《口信》和《土塬鼓...,https://img3.doubanio.com/view/subject/s/public/s7638073.jpg
包法利夫人, CNY 28.00, 2003-1-1 ,人民文学出版社,福楼拜  李健吾 ,9.1,22245,《包法利夫人》于1856-1857年间在《巴黎杂志》上连载，轰动文坛，在社会上引起轩然大波。法当局对作者提起公诉，指控小说“伤风败俗、亵渎宗教”，并传唤作者...,https://img1.doubanio.com/view/subject/s/public/s34356439.jpg
七叶树, 58.00元, 2024-3 ,江苏凤凰文艺出版社、江苏文艺出版社,东坡柚 ,9.0,85,世上真的有“完美妻子”吗？娶到一个完美妻子，要付出怎样的代价？ 自从朋友娶了她，家庭事业蒸蒸日上。然而，我们其他人的生活却渐渐走向分崩离析，捆绑联结我们友谊...,https://img3.doubanio.com/view/subject/s/public/s34808967.jpg
失明症漫记, 29.50元, 2014-2 ,南海出版公司,[葡] 若泽·萨拉马戈  范维信 ,9.1,38123,你为什么会写这样一部冷酷的作品？ 虽然我活得很好，但这个世界却不好。 ---------------------------------------- 诺贝...,https://img1.doubanio.com/view/subject/s/public/s27217828.jpg
一生悬命, 49.90, 2023-12-15 ,江苏凤凰文艺出版社,陆春吾 ,8.2,691,既然被逼得没了退路，就把眼前的绝路搏成生路！ -------------------------------------------------------...,https://img9.doubanio.com/view/subject/s/public/s34718096.jpg
蛤蟆先生去看心理医生, 38.00元, 2020-8-1 ,天津人民出版社,[英] 罗伯特·戴博德  陈赢 ,8.4,155159,蛤蟆先生一向爱笑爱闹，如今却一反常态地郁郁寡欢，他一个人躲在屋里，连起床梳洗的力气都没有。朋友们非常担心他，建议他去做心理咨询。在10次心理咨询中，蛤蟆在咨...,https://img1.doubanio.com/view/subject/s/public/s33941998.jpg
平乐县志, 78, 2023-10 ,上海三联书店,颜歌 ,8.4,718,《纽约客》年度图书得主、《纽约时报》年度关注图书得主 颜歌全新中文长篇小说 “平乐镇系列”重磅归来 一部后现代的“三言二拍” 一座世相起落的川西小镇和它背后...,https://img9.doubanio.com/view/subject/s/public/s34680045.jpg
笑傲江湖（全四册）, 76.80元, 1994-5 ,生活·读书·新知三联书店,金庸 ,9.1,111532,《笑傲江湖》是金庸1967年写的一部武侠小说，属于金庸的后期作品。,https://img9.doubanio.com/view/subject/s/public/s2157335.jpg
棋王, 48.00元, 2019-4 ,上海三联书店,阿城 ,9.1,23273,《棋王》收录“三王”小说经典，珍贵文献、星星美展插画、《今天》杂志油印创作谈等一并收入，呈现文字手艺人阿城先生的温度与风度。 “从世俗小说的样貌来说，《棋王...,https://img2.doubanio.com/view/subject/s/public/s32281341.jpg
坦白, 58, 2024-1 ,上海译文出版社,[意] 多梅尼科·斯塔尔诺内  陈英、邓阳 ,8.3,190,“我把没人知道的事告诉你了。” “我也一样。” “我们现在真是抓住了对方的把柄，再也不能分开了。” —————————————————————————— 彼...,https://img3.doubanio.com/view/subject/s/public/s34758953.jpg
寒夜无声, 52.00元, 2023-11 ,湖南文艺出版社,吴忠全 ,7.6,1981,1996年，刚刚转为正式工便下岗的王相佑阴差阳错因一起犯罪案件被刑警程松岩抓捕，被判入狱。 2006年，刚刚出狱的王相佑又犯下罪行。因破获凶杀案被提升为刑警...,https://img2.doubanio.com/view/subject/s/public/s34681001.jpg
失去的过去与未来的犯罪, 49.80, 2024-3 ,湖南文艺出版社,[日] 小林泰三  曹逸冰 ,8.8,156,欢迎来到一个充满神秘感和人类未来可能性的新世界。 某年某月某日，女高中生梨乃发现自己的记忆变得断断续续。同样的现象席卷全世界，人类陷入恐慌……几十年过去，失...,https://img9.doubanio.com/view/subject/s/public/s34767874.jpg
河边的错误, 2018-1-1, 时代文艺出版社 ,余华,,7.7,8744,《河边的错误》收录了余华先最具代表性的四部中篇小说。小说以一种冷静的笔调描写死亡、血腥与暴力，并在此基础上揭示人性的残酷与存在的荒谬。 一个被河溪环绕的小镇...,https://img1.doubanio.com/view/subject/s/public/s29659688.jpg
如雪如山, 58, 2022-4-1 ,人民文学出版社,张天翼 ,8.5,22736,○ 没有一个女人，是微不足道的 ○ 她们隐秘的悲喜与爱憎，如此迥异，又彼此相通 ○ 李敬泽、梁永安、张莉、笛安 众多名家诚意推荐 ○ 青年实力作家 张天翼 ...,https://img2.doubanio.com/view/subject/s/public/s34201041.jpg
无人逝去, 45.00元, 2023-7 ,四川文艺出版社,[日] 白井智之  姚奕崴 ,6.8,3339,★2019本格推理BEST10 ★致敬阿加莎·克里斯蒂《无人生还》 ★屡获大奖的日本新锐推理小说作家白井智之炫技神作重磅引进！ ★5大经典推理手法，5重颠覆...,https://img9.doubanio.com/view/subject/s/public/s34565616.jpg
他人, 48.00元, 2023-4 ,台海出版社,[韩] 姜禾吉  简郁璇 ,8.4,1395,★韩国文学至高荣誉——韩民族文学奖获奖作品，韩国《中央日报》推荐好书。《他人》体现出女性对女性的诚实。 她们都是受害者，她们也是加害者。不仅是来自受害者的漫...,https://img3.doubanio.com/view/subject/s/public/s34527057.jpg
第七天, 49, 2023-1 ,新星出版社,余华 ,8.8,9590,★意大利波特利·拉特斯·格林扎纳文学奖 ★华语文学传媒大奖·年度杰出作家 ★《亚洲周刊》年度十大小说 一个灵魂用七天讲述自己一生的故事。 一个叫杨飞的人死去...,https://img2.doubanio.com/view/subject/s/public/s34398261.jpg
人性的枷锁, 68.00元, 2016-5 ,江西人民出版社,[英] 威廉·萨默塞特·毛姆  张乐 ,9.2,22198,【内容简介】 《人性的枷锁》是毛姆具有自传性质的经典作品，也被认为是首屈一指、流传甚广的重要代表作。 和《月亮和六便士》《面纱》《刀锋》一道，奠定毛姆“故事...,https://img2.doubanio.com/view/subject/s/public/s28758331.jpg
白夜, 48.00元, 2015-1 ,上海译文出版社,陀思妥耶夫斯基 (Ф.М.Достоевский)  榮如德 周樸之 翁文達 ,9.1,8703,《白夜》系19世纪俄国大文豪陀思妥耶夫斯基的中篇小说集，选收名篇《穷人》、《白夜》、《赌徒》。《白夜》描写天真无邪的姑娘娜斯简卡爱上一个年轻的房客，两人约定...,https://img3.doubanio.com/view/subject/s/public/s34711692.jpg
牧羊少年奇幻之旅, 25.00元, 2009-3-1 ,南海出版公司,[巴西] 保罗·柯艾略  丁文林 ,8.5,159151,牧羊少年圣地亚哥接连两次做了同一个梦，梦见埃及金字塔附近藏有一批宝藏。少年卖掉羊群，历尽千辛万苦一路向南，跨海来到非洲，穿越“死亡之海”撒哈拉大沙漠……期间...,https://img3.doubanio.com/view/subject/s/public/s3668327.jpg
马利纳, 65.00元, 2024-1 ,广西师范大学出版社,[奥]英格博格·巴赫曼  王韵沁 ,8.3,104,🌊内容简介： 您好，我是一个不知名的女人，我住在维也纳。 我和马利纳同居，和伊万恋爱。 马利纳在一墙之隔的地方，伊万在电话线的另一端。 我，死于马利纳，活于...,https://img2.doubanio.com/view/subject/s/public/s34739541.jpg
